gvkey,datadate,fyear,indfmt,consol,popsrc,datafmt,tic,cusip,conm,curcd,fyr,at,capx,che,cogs,csho,cshpri,cshr,dlc,dltt,dvc,dvt,ebit,ebitda,emp,gdwl,lct,ni,oancf,oiadp,oibdp,opiti,pi,ppent,re,rect,revt,sale,seq,xad,xlr,xrd,xsga,exchg,cik,costat,naicsh,sich,prcc_c,mkvalt,prcc_f,add1,add2,add3,add4,addzip,busdesc,city,conml,county,ggroup,gind,gsector,gsubind,naics,sic,state,ipodate
001690,2010-09-30,2010,INDL,C,D,STD,AAPL,037833100,APPLE INC,USD,9,75183,2005,25620,38609,915.97,909.461,29.405,0,0,0,0,18385,19317,49.4,741,20722,14013,18595,18385,19317,NA,18540,4768,37123,9924,65225,65225,47791,691,NA,1782,7299,14,0000320193,A,334111,3571,322.56,259906.4875,283.75,One Apple Park Way,,,,95014,"Apple Inc. designs, manufactures, and markets smartphones, personal computers, tablets, wearables, and accessories worldwide. It also sells various related services.",Cupertino,Apple Inc,,4520,452020,45,45202030,334220,3663,CA,1980-12-12
001690,2011-09-30,2011,INDL,C,D,STD,AAPL,037833100,APPLE INC,USD,9,116371,4260,25952,62609,929.277,924.258,28.543,0,0,0,0,33790,35612,63.3,896,27970,25922,37529,33790,35612,NA,34205,7777,63284,11717,108249,108249,76615,933,NA,2429,10028,14,0000320193,A,334111,3571,405,354351.9056,381.32,One Apple Park Way,,,,95014,"Apple Inc. designs, manufactures, and markets smartphones, personal computers, tablets, wearables, and accessories worldwide. It also sells various related services.",Cupertino,Apple Inc,,4520,452020,45,45202030,334220,3663,CA,1980-12-12
001690,2012-09-30,2012,INDL,C,D,STD,AAPL,037833100,APPLE INC,USD,9,176064,8295,29129,84641,939.208,934.818,27.696,0,0,2523,2523,55241,58446,76.1,1135,38542,41733,50856,55241,58446,NA,55763,15452,101788,18692,156508,156508,118210,1000,NA,3381,13421,14,0000320193,A,334220,3663,532.1729,626550.3528,667.105,One Apple Park Way,,,,95014,"Apple Inc. designs, manufactures, and markets smartphones, personal computers, tablets, wearables, and accessories worldwide. It also sells various related services.",Cupertino,Apple Inc,,4520,452020,45,45202030,334220,3663,CA,1980-12-12
001690,2013-09-30,2013,INDL,C,D,STD,AAPL,037833100,APPLE INC,USD,9,207000,8165,40546,99849,899.213,925.331,24.71,0,16960,10676,10676,48999,55756,84.4,1577,43658,37037,53666,48999,55756,NA,50155,16597,103785,20641,170910,170910,123549,1100,NA,4475,15305,14,0000320193,A,334220,3663,561.02,428699.7978,476.75,One Apple Park Way,,,,95014,"Apple Inc. designs, manufactures, and markets smartphones, personal computers, tablets, wearables, and accessories worldwide. It also sells various related services.",Cupertino,Apple Inc,,4520,452020,45,45202030,334220,3663,CA,1980-12-12
001690,2014-09-30,2014,INDL,C,D,STD,AAPL,037833100,APPLE INC,USD,9,231839,9571,25077,104312,5866.161,6085.572,26.112,6308,28987,11215,11215,52503,60449,97,4616,63448,39510,59713,52503,60449,NA,53483,20624,88234,27219,182795,182795,111547,1200,NA,6041,18034,14,0000320193,A,334220,3663,110.38,591015.7208,100.75,One Apple Park Way,,,,95014,"Apple Inc. designs, manufactures, and markets smartphones, personal computers, tablets, wearables, and accessories worldwide. It also sells various related services.",Cupertino,Apple Inc,,4520,452020,45,45202030,334220,3663,CA,1980-12-12
001690,2015-09-30,2015,INDL,C,D,STD,AAPL,037833100,APPLE INC,USD,9,290479,11247,41601,129589,5578.753,5753.421,25.924,10999,53463,11627,11627,71230,81730,110,5116,80610,53394,81266,71230,81730,NA,72515,22471,91939,30343,233715,233715,119355,1800,NA,8067,22396,14,0000320193,A,334220,3663,105.26,615336.4559,110.3,One Apple Park Way,,,,95014,"Apple Inc. designs, manufactures, and markets smartphones, personal computers, tablets, wearables, and accessories worldwide. It also sells various related services.",Cupertino,Apple Inc,,4520,452020,45,45202030,334220,3663,CA,1980-12-12
001690,2016-09-30,2016,INDL,C,D,STD,AAPL,037833100,APPLE INC,USD,9,321686,12734,67155,121576,5336.166,5470.82,25.641,11605,75427,12188,12188,59476,69276,116,5414,79006,45687,65824,59476,69276,NA,61372,27010,96998,29299,215091,215091,128249,NA,NA,10045,24239,14,0000320193,A,334220,3663,115.82,603253.5663,113.05,One Apple Park Way,,,,95014,"Apple Inc. designs, manufactures, and markets smartphones, personal computers, tablets, wearables, and accessories worldwide. It also sells various related services.",Cupertino,Apple Inc,,4520,452020,45,45202030,334220,3663,CA,1980-12-12
001690,2017-09-30,2017,INDL,C,D,STD,AAPL,037833100,APPLE INC,USD,9,375319,12451,74181,131648,5126.201,5217.242,25.333,18473,97207,12803,12803,61344,70744,123,5717,100814,48351,63598,61344,70744,NA,64089,33783,98180,35673,229234,229234,134047,NA,NA,11581,26842,14,0000320193,A,334220,3663,169.23,790050.0981,154.12,One Apple Park Way,,,,95014,"Apple Inc. designs, manufactures, and markets smartphones, personal computers, tablets, wearables, and accessories worldwide. It also sells various related services.",Cupertino,Apple Inc,,4520,452020,45,45202030,334220,3663,CA,1980-12-12
001690,2018-09-30,2018,INDL,C,D,STD,AAPL,037833100,APPLE INC,USD,9,365725,13313,66301,152853,4754.986,4955.377,23.712,20748,93735,13735,13735,70662,81565,132,NA,116866,59531,77434,70662,81565,NA,72903,41304,66946,48995,265359,265359,107147,NA,NA,14236,30941,14,0000320193,A,334220,3663,157.74,1073390.5396,225.74,One Apple Park Way,,,,95014,"Apple Inc. designs, manufactures, and markets smartphones, personal computers, tablets, wearables, and accessories worldwide. It also sells various related services.",Cupertino,Apple Inc,,4520,452020,45,45202030,334220,3663,CA,1980-12-12
001690,2019-09-30,2019,INDL,C,D,STD,AAPL,037833100,APPLE INC,USD,9,338516,10495,100580,149235,4443.236,4617.834,23.233,16240,91807,14129,14129,63930,76477,137,NA,105718,55256,69391,63930,76477,NA,65737,37378,45314,45804,260174,260174,90488,NA,NA,16217,34462,14,0000320193,A,334220,3663,293.65,995151.5669,223.97,One Apple Park Way,,,,95014,"Apple Inc. designs, manufactures, and markets smartphones, personal computers, tablets, wearables, and accessories worldwide. It also sells various related services.",Cupertino,Apple Inc,,4520,452020,45,45202030,334220,3663,CA,1980-12-12
001690,2020-09-30,2020,INDL,C,D,STD,AAPL,037833100,APPLE INC,USD,9,323888,7309,90979,158503,16976.763,17352.119,22.797,15229,107049,14087,14087,66288,77344,147,NA,105392,57411,80674,66288,77344,NA,67091,45336,14560,37445,274515,274515,65339,NA,NA,18752,38668,14,0000320193,A,334220,3663,132.69,1966078.923,115.81,One Apple Park Way,,,,95014,"Apple Inc. designs, manufactures, and markets smartphones, personal computers, tablets, wearables, and accessories worldwide. It also sells various related services.",Cupertino,Apple Inc,,4520,452020,45,45202030,334220,3663,CA,1980-12-12
006066,2010-12-31,2010,INDL,C,D,STD,IBM,459200101,INTL BUSINESS MACHINES CORP,USD,12,113452,4185,11651,48472,1227.993,1268.789,523.553,6778,21846,3177,3177,18746,23577,426.751,25137,40562,14833,19549,18746,23577,NA,19714,14097,73789,28225,99871,99871,23046,1337,NA,5720,27822,11,0000051143,A,541519,7370,146.76,180220.2527,146.76,One New Orchard Road,,,,10504,International Business Machines Corporation provides integrated solutions and services worldwide.,Armonk,International Business Machines Corp,,4510,451020,45,45102010,519130,7370,NY,NA
006066,2011-12-31,2011,INDL,C,D,STD,IBM,459200101,INTL BUSINESS MACHINES CORP,USD,12,116433,4108,11922,51320,1163.183,1196.951,504.093,8463,22857,3473,3473,20949,25764,433.362,26213,42123,15855,19847,20949,25764,NA,20997,13883,82972,29561,106916,106916,20138,1373,NA,5990,29832,11,0000051143,A,541519,7370,183.88,213886.09,183.88,One New Orchard Road,,,,10504,International Business Machines Corporation provides integrated solutions and services worldwide.,Armonk,International Business Machines Corp,,4510,451020,45,45102010,519130,7370,NY,NA
006066,2012-12-31,2012,INDL,C,D,STD,IBM,459200101,INTL BUSINESS MACHINES CORP,USD,12,119213,4081,11129,48987,1117.368,1142.509,488.8,9181,24088,3773,3773,21173,25849,434.246,29246,43625,16604,19586,21173,25849,NA,21891,13996,91882,30578,104507,104507,18860,1339,NA,6034,29671,11,0000051143,A,541519,7370,191.55,214031.8404,191.55,One New Orchard Road,,,,10504,International Business Machines Corporation provides integrated solutions and services worldwide.,Armonk,International Business Machines Corp,,4510,451020,45,45102010,519130,7370,NY,NA
006066,2013-12-31,2013,INDL,C,D,STD,IBM,459200101,INTL BUSINESS MACHINES CORP,USD,12,126223,3623,11066,45981,1054.391,1094.487,473.872,6862,32856,4058,4058,19389,24067,431.212,31184,40154,16483,17485,19389,24067,NA,19517,13821,108440,31836,99751,99751,22792,1294,NA,5959,29703,11,0000051143,A,541519,7370,187.57,197772.1199,187.57,One New Orchard Road,,,,10504,International Business Machines Corporation provides integrated solutions and services worldwide.,Armonk,International Business Machines Corp,,4510,451020,45,45102010,519130,7370,NY,NA
006066,2014-12-31,2014,INDL,C,D,STD,IBM,459200101,INTL BUSINESS MACHINES CORP,USD,12,117532,3740,8476,41353,990.524,1004.273,458.306,5731,35074,4265,4265,18341,22833,379.592,30555,39600,12022,16868,18341,22833,NA,19979,10771,109918,31832,92793,92793,11868,1307,NA,5437,28607,11,0000051143,A,541519,7370,160.44,158919.6706,160.44,One New Orchard Road,,,,10504,International Business Machines Corporation provides integrated solutions and services worldwide.,Armonk,International Business Machines Corp,,4510,451020,45,45102010,519130,7370,NY,NA
006066,2015-12-31,2015,INDL,C,D,STD,IBM,459200101,INTL BUSINESS MACHINES CORP,USD,12,110495,3579,8194,36966,965.729,978.745,444.582,6461,33428,4897,4897,15568,19423,377.757,32021,34269,13190,17008,15568,19423,NA,15937,10727,116517,28554,81741,81741,14262,1290,NA,5247,25352,11,0000051143,A,541519,7370,137.62,132903.625,137.62,One New Orchard Road,,,,10504,International Business Machines Corporation provides integrated solutions and services worldwide.,Armonk,International Business Machines Corp,,4510,451020,45,45102010,519130,7370,NY,NA
006066,2016-12-31,2016,INDL,C,D,STD,IBM,459200101,INTL BUSINESS MACHINES CORP,USD,12,117470,3567,8527,37171,945.867,955.423,425.272,7513,34655,5256,5256,12008,16389,380.3,36199,36275,11872,16958,12008,16389,NA,12314,10830,123361,29245,79920,79920,18246,1327,NA,5751,26360,11,0000051143,A,519130,7370,165.99,157004.4633,165.99,One New Orchard Road,,,,10504,International Business Machines Corporation provides integrated solutions and services worldwide.,Armonk,International Business Machines Corp,,4510,451020,45,45102010,519130,7370,NY,NA
006066,2017-12-31,2017,INDL,C,D,STD,IBM,459200101,INTL BUSINESS MACHINES CORP,USD,12,125356,3229,12580,38209,922.179,932.828,408.697,6987,39837,5506,5506,10913,15454,366.6,36788,37363,5753,16724,10913,15454,NA,11383,11116,126534,31630,79139,79139,17594,1445,NA,5787,25476,11,0000051143,A,519130,7370,153.42,141480.7022,153.42,One New Orchard Road,,,,10504,International Business Machines Corporation provides integrated solutions and services worldwide.,Armonk,International Business Machines Corp,,4510,451020,45,45102010,519130,7370,NY,NA
006066,2018-12-31,2018,INDL,C,D,STD,IBM,459200101,INTL BUSINESS MACHINES CORP,USD,12,123382,3396,12222,37856,892.479,912.048,395.48,10207,35605,5256,5256,12961,17441,350.6,36266,38227,8728,15247,12961,17441,NA,11325,10792,129716,31034,79591,79591,16796,1466,NA,5379,24294,11,0000051143,A,519130,7370,113.67,101448.0879,113.67,One New Orchard Road,,,,10504,International Business Machines Corporation provides integrated solutions and services worldwide.,Armonk,International Business Machines Corp,,4510,451020,45,45102010,519130,7370,NY,NA
006066,2019-12-31,2019,INDL,C,D,STD,IBM,459200101,INTL BUSINESS MACHINES CORP,USD,12,152186,2286,9009,34743,887.11,887.235,380.707,10177,57981,5707,5707,10849,16908,352.6,58222,37701,9431,14770,10849,16908,NA,10141,15006,134358,24287,77147,77147,20841,1647,NA,5989,25496,11,0000051143,A,519130,7370,134.04,118908.2244,134.04,One New Orchard Road,,,,10504,International Business Machines Corporation provides integrated solutions and services worldwide.,Armonk,International Business Machines Corp,,4510,451020,45,45102010,519130,7370,NY,NA
006066,2020-12-31,2020,INDL,C,D,STD,IBM,459200101,INTL BUSINESS MACHINES CORP,USD,12,155971,2618,14275,32025,892.653,890.349,0.649,8540,57929,5797,5797,8689,15384,345.9,59617,39869,5590,18197,8689,15384,NA,4615,14726,133380,19235,73620,73620,20597,1542,NA,6333,26211,11,0000051143,A,519130,7370,125.88,112367.1596,125.88,One New Orchard Road,,,,10504,International Business Machines Corporation provides integrated solutions and services worldwide.,Armonk,International Business Machines Corp,,4510,451020,45,45102010,519130,7370,NY,NA
012141,2010-06-30,2010,INDL,C,D,STD,MSFT,594918104,MICROSOFT CORP,USD,6,86113,1977,36788,9888,8668,8813,138.568,1000,4939,4547,4547,24157,26664,89,12394,26147,18760,24073,24157,26664,NA,25013,7630,-16681,13014,62484,62484,46175,1600,NA,8714,25932,14,0000789019,A,511210,7372,27.91,199450.68,23.01,One Microsoft Way,,,,98052-6399,"Microsoft Corporation develops, licenses, and supports software, services, devices, and solutions worldwide.",Redmond,Microsoft Corp,,4510,451030,45,45103020,511210,7372,WA,1986-03-13
012141,2011-06-30,2011,INDL,C,D,STD,MSFT,594918104,MICROSOFT CORP,USD,6,108704,2355,52772,13040,8376,8490,134.854,0,11921,5394,5394,27161,29698,90,12581,28774,23150,26994,27161,29698,NA,28071,8162,-6332,14987,69943,69943,57083,1900,NA,9043,27205,14,0000789019,A,511210,7372,25.96,217776,26,One Microsoft Way,,,,98052-6399,"Microsoft Corporation develops, licenses, and supports software, services, devices, and solutions worldwide.",Redmond,Microsoft Corp,,4510,451030,45,45103020,511210,7372,WA,1986-03-13
012141,2012-06-30,2012,INDL,C,D,STD,MSFT,594918104,MICROSOFT CORP,USD,6,121271,2305,63040,14772,8381,8396,128.992,1231,10713,6721,6721,27956,30714,94,13452,32688,16978,31626,27956,30714,NA,22267,8269,566,15780,73723,73723,66363,1600,NA,9811,28237,14,0000789019,A,511210,7372,26.7097,256374.79,30.59,One Microsoft Way,,,,98052-6399,"Microsoft Corporation develops, licenses, and supports software, services, devices, and solutions worldwide.",Redmond,Microsoft Corp,,4510,451030,45,45103020,511210,7372,WA,1986-03-13
012141,2013-06-30,2013,INDL,C,D,STD,MSFT,594918104,MICROSOFT CORP,USD,6,142431,4257,77022,16910,8328,8375,119.862,2999,12601,7694,7694,27497,30836,99,14655,37417,21863,28833,27497,30836,NA,27052,9991,11638,17486,77849,77849,78944,2600,NA,10411,30103,14,0000789019,A,511210,7372,37.41,287690.76,34.545,One Microsoft Way,,,,98052-6399,"Microsoft Corporation develops, licenses, and supports software, services, devices, and solutions worldwide.",Redmond,Microsoft Corp,,4510,451030,45,45103020,511210,7372,WA,1986-03-13
012141,2014-06-30,2014,INDL,C,D,STD,MSFT,594918104,MICROSOFT CORP,USD,6,172384,5485,85709,22689,8239,8299,113.923,2000,20645,9271,9271,27504,31749,128,20127,45625,22074,32231,27504,31749,NA,27820,13011,21418,19544,86451,86451,89784,2300,NA,11381,32013,14,0000789019,A,511210,7372,46.45,343566.3,41.7,One Microsoft Way,,,,98052-6399,"Microsoft Corporation develops, licenses, and supports software, services, devices, and solutions worldwide.",Redmond,Microsoft Corp,,4510,451030,45,45103020,511210,7372,WA,1986-03-13
012141,2015-06-30,2015,INDL,C,D,STD,MSFT,594918104,MICROSOFT CORP,USD,6,176223,5944,96526,27638,8027,8177,109.479,7484,27808,10063,10063,28172,33572,118,16939,49858,12193,29080,28172,33572,NA,18507,14731,11618,17908,93580,93580,80083,1900,NA,12046,32370,14,0000789019,A,511210,7372,55.48,354392.05,44.15,One Microsoft Way,,,,98052-6399,"Microsoft Corporation develops, licenses, and supports software, services, devices, and solutions worldwide.",Redmond,Microsoft Corp,,4510,451030,45,45103020,511210,7372,WA,1986-03-13
012141,2016-06-30,2016,INDL,C,D,STD,MSFT,594918104,MICROSOFT CORP,USD,6,193694,8343,113240,26902,7808,7925,106.534,12929,41544,11329,11329,21292,27170,114,17872,59357,16798,33325,21292,27170,NA,19751,18356,3819,18277,85320,85320,71997,1600,NA,11988,31248,14,0000789019,A,511210,7372,62.14,399535.36,51.17,One Microsoft Way,,,,98052-6399,"Microsoft Corporation develops, licenses, and supports software, services, devices, and solutions worldwide.",Redmond,Microsoft Corp,,4510,451030,45,45103020,511210,7372,WA,1986-03-13
012141,2017-06-30,2017,INDL,C,D,STD,MSFT,594918104,MICROSOFT CORP,USD,6,241086,8129,132981,26461,7708,7746,101.825,10234,78473,12040,12040,22632,30432,124,35122,64527,21204,39507,22632,30432,NA,23149,23734,3079,19792,89950,89950,72394,1500,NA,13037,33057,14,0000789019,A,511210,7372,85.54,531312.44,68.93,One Microsoft Way,,,,98052-6399,"Microsoft Corporation develops, licenses, and supports software, services, devices, and solutions worldwide.",Redmond,Microsoft Corp,,4510,451030,45,45103020,511210,7372,WA,1986-03-13
012141,2018-06-30,2018,INDL,C,D,STD,MSFT,594918104,MICROSOFT CORP,USD,6,258848,11632,133768,28453,7677,7700,97.535,5573,81935,12917,12917,35058,44958,131,35683,58488,16571,43884,35058,44958,NA,36474,36146,11495,26481,110360,110360,82718,1600,NA,14726,36949,14,0000789019,A,511210,7372,101.57,757028.97,98.61,One Microsoft Way,,,,98052-6399,"Microsoft Corporation develops, licenses, and supports software, services, devices, and solutions worldwide.",Redmond,Microsoft Corp,,4510,451030,45,45103020,511210,7372,WA,1986-03-13
012141,2019-06-30,2019,INDL,C,D,STD,MSFT,594918104,MICROSOFT CORP,USD,6,286556,13925,133819,31310,7643,7673,94.069,7348,79107,14103,14103,42959,54559,144,42026,69420,39240,52185,42959,54559,NA,43688,43856,23810,29524,125843,125843,102330,1600,NA,16876,39974,14,0000789019,A,511210,7372,157.7,1023856.28,133.96,One Microsoft Way,,,,98052-6399,"Microsoft Corporation develops, licenses, and supports software, services, devices, and solutions worldwide.",Redmond,Microsoft Corp,,4510,451030,45,45103020,511210,7372,WA,1986-03-13
012141,2020-06-30,2020,INDL,C,D,STD,MSFT,594918104,MICROSOFT CORP,USD,6,301311,15441,136527,33778,7571,7610,91.674,5905,76205,15483,15483,52959,65259,163,43351,72310,44281,60675,52959,65259,NA,53036,52904,37752,32011,143015,143015,118304,1600,NA,19269,43978,14,0000789019,A,511210,7372,222.42,1540774.21,203.51,One Microsoft Way,,,,98052-6399,"Microsoft Corporation develops, licenses, and supports software, services, devices, and solutions worldwide.",Redmond,Microsoft Corp,,4510,451030,45,45103020,511210,7372,WA,1986-03-13
012141,2021-06-30,2021,INDL,C,D,STD,MSFT,594918104,MICROSOFT CORP,USD,6,333779,20622,130334,41332,7519,7547,89.291,10825,71453,16871,16871,69916,80816,181,49711,88657,61271,76740,69916,80816,NA,71102,70803,58877,38043,168088,168088,141988,1500,NA,20716,45940,14,0000789019,A,511210,7372,NA,2036897.1,270.9,One Microsoft Way,,,,98052-6399,"Microsoft Corporation develops, licenses, and supports software, services, devices, and solutions worldwide.",Redmond,Microsoft Corp,,4510,451030,45,45103020,511210,7372,WA,1986-03-13
018872,2011-12-31,2011,INDL,C,D,STD,TWTR,90184L102,TWITTER INC,USD,12,720.675,11.546,549.539,36.511,118.967,544.697,NA,22.694,21.104,35.816,35.816,-92.711,-68.519,NA,36.761,47.744,-128.302,-70.597,-92.711,-68.519,NA,-129.746,61.983,-269.936,39.834,106.313,106.313,633.284,NA,NA,80.176,138.321,11,0001418091,A,519130,7370,NA,NA,NA,"1355 Market Street, Suite 900",,,,94103,"Twitter, Inc. operates as a platform for public self-expression and conversation in real time United States, Japan, and internationally. The company offers Twitter, a platform that allows users to consume, create, distribute, and discover content.",San Francisco,Twitter Inc,,5020,502030,50,50203010,519130,7370,CA,2013-11-07
018872,2012-12-31,2012,INDL,C,D,STD,TWTR,90184L102,TWITTER INC,USD,12,831.568,50.599,424.856,56.262,125.597,544.697,NA,48.836,65.732,0,0,-77.083,-4.577,NA,68.813,109.879,-79.399,-27.935,-77.083,-4.577,NA,-79.17,185.574,-349.96,112.155,316.933,316.933,624.364,NA,NA,119.004,265.248,11,0001418091,A,519130,7370,NA,NA,NA,"1355 Market Street, Suite 900",,,,94103,"Twitter, Inc. operates as a platform for public self-expression and conversation in real time United States, Japan, and internationally. The company offers Twitter, a platform that allows users to consume, create, distribute, and discover content.",San Francisco,Twitter Inc,,5020,502030,50,50203010,519130,7370,CA,2013-11-07
018872,2013-12-31,2013,INDL,C,D,STD,TWTR,90184L102,TWITTER INC,USD,12,3366.24,75.744,2238.954,157.47,569.922,544.697,1.181,87.126,110.52,0,0,-635.831,-524.937,2.712,363.477,225.43,-645.323,1.398,-635.831,-524.937,NA,-647.146,332.662,-994.949,247.328,664.89,664.89,2950.006,3.1,NA,593.992,1032.357,11,0001418091,A,519130,7370,63.65,36275.5353,63.65,"1355 Market Street, Suite 900",,,,94103,"Twitter, Inc. operates as a platform for public self-expression and conversation in real time United States, Japan, and internationally. The company offers Twitter, a platform that allows users to consume, create, distribute, and discover content.",San Francisco,Twitter Inc,,5020,502030,50,50203010,519130,7370,CA,2013-11-07
018872,2014-12-31,2014,INDL,C,D,STD,TWTR,90184L102,TWITTER INC,USD,12,5583.082,201.63,3624.478,248.434,642.385,604.99,0.807,112.32,1494.97,0,0,-538.866,-330.701,3.638,622.57,393.794,-577.82,81.796,-538.866,-330.701,NA,-578.351,557.019,-1582.47,418.454,1403.002,1403.002,3626.403,46.6,NA,691.543,1485.269,11,0001418091,A,519130,7370,35.87,23042.35,35.87,"1355 Market Street, Suite 900",,,,94103,"Twitter, Inc. operates as a platform for public self-expression and conversation in real time United States, Japan, and internationally. The company offers Twitter, a platform that allows users to consume, create, distribute, and discover content.",San Francisco,Twitter Inc,,5020,502030,50,50203010,519130,7370,CA,2013-11-07
018872,2015-12-31,2015,INDL,C,D,STD,TWTR,90184L102,TWITTER INC,USD,12,6442.439,347.28,3498.348,431.496,694.132,662.424,0.962,88.166,1514.79,0,0,-437.134,-124.311,3.898,1122.728,506.039,-521.031,383.066,-437.134,-124.311,NA,-533.305,735.299,-2139.043,638.694,2218.032,2218.032,4368.047,119.7,NA,806.648,1910.847,11,0001418091,A,519130,7370,23.14,16062.2145,23.14,"1355 Market Street, Suite 900",,,,94103,"Twitter, Inc. operates as a platform for public self-expression and conversation in real time United States, Japan, and internationally. The company offers Twitter, a platform that allows users to consume, create, distribute, and discover content.",San Francisco,Twitter Inc,,5020,502030,50,50203010,519130,7370,CA,2013-11-07
018872,2016-12-31,2016,INDL,C,D,STD,TWTR,90184L102,TWITTER INC,USD,12,6870.365,218.657,3783.979,514.207,721.572,702.135,0.925,80.848,1605.804,0,0,-265.912,136.26,3.583,1185.315,584.021,-456.873,763.055,-265.912,136.26,NA,-440.834,783.901,-2619.603,650.65,2529.619,2529.619,4604.935,114.3,NA,713.482,1879.152,11,0001418091,A,519130,7370,16.3,11761.6236,16.3,"1355 Market Street, Suite 900",,,,94103,"Twitter, Inc. operates as a platform for public self-expression and conversation in real time United States, Japan, and internationally. The company offers Twitter, a platform that allows users to consume, create, distribute, and discover content.",San Francisco,Twitter Inc,,5020,502030,50,50203010,519130,7370,CA,2013-11-07
018872,2017-12-31,2017,INDL,C,D,STD,TWTR,90184L102,TWITTER INC,USD,12,7412.477,160.742,4411.402,482.4,746.902,732.702,0.898,84.976,1708.768,0,0,33.313,429.18,3.372,1188.935,583.278,-108.063,831.209,33.313,429.18,NA,-95.418,773.715,-2703.308,664.268,2443.299,2443.299,5047.218,70.2,NA,542.01,1531.719,11,0001418091,A,519130,7370,24.01,17933.117,24.01,"1355 Market Street, Suite 900",,,,94103,"Twitter, Inc. operates as a platform for public self-expression and conversation in real time United States, Japan, and internationally. The company offers Twitter, a platform that allows users to consume, create, distribute, and discover content.",San Francisco,Twitter Inc,,5020,502030,50,50203010,519130,7370,CA,2013-11-07
018872,2018-12-31,2018,INDL,C,D,STD,TWTR,90184L102,TWITTER INC,USD,12,10162.572,483.934,6211.099,541.616,764.257,754.326,0.876,965.374,1755.316,0,0,449.07,874.568,3.92,1227.269,1516.311,1205.596,1339.711,449.07,874.568,NA,423.544,885.078,-1519.384,788.7,3042.359,3042.359,6805.594,78.1,NA,553.858,1626.175,11,0001418091,A,519130,7370,28.74,21964.7462,28.74,"1355 Market Street, Suite 900",,,,94103,"Twitter, Inc. operates as a platform for public self-expression and conversation in real time United States, Japan, and internationally. The company offers Twitter, a platform that allows users to consume, create, distribute, and discover content.",San Francisco,Twitter Inc,,5020,502030,50,50203010,519130,7370,CA,2013-11-07
018872,2019-12-31,2019,INDL,C,D,STD,TWTR,90184L102,TWITTER INC,USD,12,12703.389,540.688,6640.914,672.125,779.619,770.729,0.825,170.435,3118.25,0,0,366.156,831.705,4.9,1256.699,832.476,1465.659,1303.364,366.156,831.705,NA,390.139,1728.876,-58.948,850.184,3459.329,3459.329,8704.386,77.5,NA,682.281,1955.499,11,0001418091,A,519130,7370,32.05,24986.789,32.05,"1355 Market Street, Suite 900",,,,94103,"Twitter, Inc. operates as a platform for public self-expression and conversation in real time United States, Japan, and internationally. The company offers Twitter, a platform that allows users to consume, create, distribute, and discover content.",San Francisco,Twitter Inc,,5020,502030,50,50203010,519130,7370,CA,2013-11-07
018872,2020-12-31,2020,INDL,C,D,STD,TWTR,90184L102,TWITTER INC,USD,12,13379.09,873.354,7474.589,871.211,795.902,787.861,0.831,1095.58,3388.62,0,0,176.658,671.835,5.5,1312.346,1952.826,-1135.626,992.87,176.658,671.835,NA,-50.939,2423.933,-1191.763,1041.743,3716.349,3716.349,7970.082,56.1,NA,873.011,2173.303,11,0001418091,A,519130,7370,54.15,43098.0933,54.15,"1355 Market Street, Suite 900",,,,94103,"Twitter, Inc. operates as a platform for public self-expression and conversation in real time United States, Japan, and internationally. The company offers Twitter, a platform that allows users to consume, create, distribute, and discover content.",San Francisco,Twitter Inc,,5020,502030,50,50203010,519130,7370,CA,2013-11-07
024616,2011-12-31,2011,INDL,C,D,STD,PYPL,70450Y103,PAYPAL HOLDINGS INC,USD,12,NA,NA,NA,NA,NA,NA,NA,NA,NA,NA,NA,NA,NA,NA,NA,NA,NA,NA,NA,NA,NA,NA,NA,NA,NA,NA,NA,NA,NA,NA,NA,NA,14,0001633917,A,NA,NA,NA,NA,NA,2211 North First Street,,,,95131,"PayPal Holdings, Inc. operates as a technology platform and digital payments company that enables digital and mobile payments on behalf of consumers and merchants worldwide. Its payment solutions include PayPal, PayPal Credit, Braintree, Venmo, Xoom, Hyperwallet, and iZettle products.",San Jose,PayPal Holdings Inc,,4510,451020,45,45102020,518210,7374,CA,NA
024616,2012-12-31,2012,INDL,C,D,STD,PYPL,70450Y103,PAYPAL HOLDINGS INC,USD,12,NA,NA,NA,NA,NA,NA,NA,NA,NA,NA,NA,NA,NA,NA,NA,NA,NA,NA,NA,NA,NA,NA,NA,NA,NA,NA,NA,NA,NA,NA,NA,NA,14,0001633917,A,NA,NA,NA,NA,NA,2211 North First Street,,,,95131,"PayPal Holdings, Inc. operates as a technology platform and digital payments company that enables digital and mobile payments on behalf of consumers and merchants worldwide. Its payment solutions include PayPal, PayPal Credit, Braintree, Venmo, Xoom, Hyperwallet, and iZettle products.",San Jose,PayPal Holdings Inc,,4510,451020,45,45102020,518210,7374,CA,NA
024616,2013-12-31,2013,INDL,C,D,STD,PYPL,70450Y103,PAYPAL HOLDINGS INC,USD,12,19160,391,1925,2785,NA,1251,0.001,850,0,0,0,1091,1544,NA,3187,11261,955,1993,1091,1544,NA,1084,858,NA,3151,6727,6727,7390,176,NA,727,2398,14,0001633917,A,518210,7374,NA,NA,NA,2211 North First Street,,,,95131,"PayPal Holdings, Inc. operates as a technology platform and digital payments company that enables digital and mobile payments on behalf of consumers and merchants worldwide. Its payment solutions include PayPal, PayPal Credit, Braintree, Venmo, Xoom, Hyperwallet, and iZettle products.",San Jose,PayPal Holdings Inc,,4510,451020,45,45102020,518210,7374,CA,NA
024616,2014-12-31,2014,INDL,C,D,STD,PYPL,70450Y103,PAYPAL HOLDINGS INC,USD,12,21917,492,2230,3225,NA,1251,0.001,875,0,0,0,1268,1784,15.8,3189,13283,419,2220,1268,1784,NA,1261,922,NA,4345,8025,8025,8248,272,NA,890,3016,14,0001633917,A,518210,7374,NA,NA,NA,2211 North First Street,,,,95131,"PayPal Holdings, Inc. operates as a technology platform and digital payments company that enables digital and mobile payments on behalf of consumers and merchants worldwide. Its payment solutions include PayPal, PayPal Credit, Braintree, Venmo, Xoom, Hyperwallet, and iZettle products.",San Jose,PayPal Holdings Inc,,4510,451020,45,45102020,518210,7374,CA,NA
024616,2015-12-31,2015,INDL,C,D,STD,PYPL,70450Y103,PAYPAL HOLDINGS INC,USD,12,28881,722,3411,3830,1224,1217.75,3.972,0,0,0,0,1509,2117,16.8,4069,13617,1228,2546,1509,2117,NA,1488,1344,659,4321,9248,9248,13759,303,NA,947,3301,14,0001633917,A,518210,7374,36.2,44308.8,36.2,2211 North First Street,,,,95131,"PayPal Holdings, Inc. operates as a technology platform and digital payments company that enables digital and mobile payments on behalf of consumers and merchants worldwide. Its payment solutions include PayPal, PayPal Credit, Braintree, Venmo, Xoom, Hyperwallet, and iZettle products.",San Jose,PayPal Holdings Inc,,4510,451020,45,45102020,518210,7374,CA,NA
024616,2016-12-31,2016,INDL,C,D,STD,PYPL,70450Y103,PAYPAL HOLDINGS INC,USD,12,33103,669,4975,4613,1207,1210,3.932,0,0,0,0,1586,2310,18.1,4059,16878,1401,3158,1586,2310,NA,1631,1482,2128,5562,10842,10842,14712,350,NA,834,3919,14,0001633917,A,518210,7374,39.47,47640.29,39.47,2211 North First Street,,,,95131,"PayPal Holdings, Inc. operates as a technology platform and digital payments company that enables digital and mobile payments on behalf of consumers and merchants worldwide. Its payment solutions include PayPal, PayPal Credit, Braintree, Venmo, Xoom, Hyperwallet, and iZettle products.",San Jose,PayPal Holdings Inc,,4510,451020,45,45102020,518210,7374,CA,NA
024616,2017-12-31,2017,INDL,C,D,STD,PYPL,70450Y103,PAYPAL HOLDINGS INC,USD,12,40774,667,5695,5783,1200,1203,3.905,1000,0,0,0,1967,2742,18.7,4339,22863,1795,2531,1967,2742,NA,2200,1528,3681,1597,13055,13055,15994,438,NA,953,4530,14,0001633917,A,518210,7374,73.62,88344,73.62,2211 North First Street,,,,95131,"PayPal Holdings, Inc. operates as a technology platform and digital payments company that enables digital and mobile payments on behalf of consumers and merchants worldwide. Its payment solutions include PayPal, PayPal Credit, Braintree, Venmo, Xoom, Hyperwallet, and iZettle products.",San Jose,PayPal Holdings Inc,,4510,451020,45,45102020,518210,7374,CA,NA
024616,2018-12-31,2018,INDL,C,D,STD,PYPL,70450Y103,PAYPAL HOLDINGS INC,USD,12,43332,823,9109,7063,1174,1184,3.824,1998,0,0,0,2527,3303,21.8,6284,25904,2057,5483,2527,3303,NA,2376,1724,5958,2845,15451,15451,15386,484,NA,1071,5085,14,0001633917,A,518210,7374,84.09,98721.66,84.09,2211 North First Street,,,,95131,"PayPal Holdings, Inc. operates as a technology platform and digital payments company that enables digital and mobile payments on behalf of consumers and merchants worldwide. Its payment solutions include PayPal, PayPal Credit, Braintree, Venmo, Xoom, Hyperwallet, and iZettle products.",San Jose,PayPal Holdings Inc,,4510,451020,45,45102020,518210,7374,CA,NA
024616,2019-12-31,2019,INDL,C,D,STD,PYPL,70450Y103,PAYPAL HOLDINGS INC,USD,12,51333,704,10761,7493,1173,1174,3.553,104,5368,0,0,2793,3705,23.2,6212,26919,2459,4561,2793,3705,NA,2998,2172,8169,4407,17772,17772,16885,399,NA,1100,6574,14,0001633917,A,518210,7374,108.17,126883.41,108.17,2211 North First Street,,,,95131,"PayPal Holdings, Inc. operates as a technology platform and digital payments company that enables digital and mobile payments on behalf of consumers and merchants worldwide. Its payment solutions include PayPal, PayPal Credit, Braintree, Venmo, Xoom, Hyperwallet, and iZettle products.",San Jose,PayPal Holdings Inc,,4510,451020,45,45102020,518210,7374,CA,NA
024616,2020-12-31,2020,INDL,C,D,STD,PYPL,70450Y103,PAYPAL HOLDINGS INC,USD,12,70379,866,13083,8523,1172,1173,3.926,144,9581,0,0,3788,4977,26.5,9135,38447,4202,5854,3788,4977,NA,5065,2514,11882,3346,21454,21454,20019,654,NA,1400,7954,14,0001633917,A,518210,7374,234.2,274482.4,234.2,2211 North First Street,,,,95131,"PayPal Holdings, Inc. operates as a technology platform and digital payments company that enables digital and mobile payments on behalf of consumers and merchants worldwide. Its payment solutions include PayPal, PayPal Credit, Braintree, Venmo, Xoom, Hyperwallet, and iZettle products.",San Jose,PayPal Holdings Inc,,4510,451020,45,45102020,518210,7374,CA,NA
024800,2010-09-30,2010,INDL,C,D,STD,QCOM,747525103,QUALCOMM INC,USD,9,30572,426,10279,2853,1612,1643,8.838,1088,221,1177,1177,3286,3950,17.5,1488,5468,3247,4076,3286,3950,NA,4034,2373,14002,730,10991,10991,20858,NA,NA,2549,4188,14,0000804328,A,334220,3663,49.49,72753.59,45.1325,5775 Morehouse Drive,,,,92121-1714,"QUALCOMM Incorporated engages in the development and commercialization of foundational technologies and products are used in mobile devices and other wireless products, including network equipment, broadband gateway equipment, consumer electronic devices, and other connected devices worldwide.",San Diego,QUALCOMM Inc.,,4530,453010,45,45301020,334413,3674,CA,1991-12-13
024800,2011-09-30,2011,INDL,C,D,STD,QCOM,747525103,QUALCOMM INC,USD,9,36422,593,11652,3679,1681,1658,8.518,995,170,1361,1361,4882,5943,21.2,3432,5289,4260,4900,4882,5943,NA,5687,2414,16557,993,14556,14556,26951,NA,NA,2995,4934,14,0000804328,A,334413,3674,54.7,81747.03,48.63,5775 Morehouse Drive,,,,92121-1714,"QUALCOMM Incorporated engages in the development and commercialization of foundational technologies and products are used in mobile devices and other wireless products, including network equipment, broadband gateway equipment, consumer electronic devices, and other connected devices worldwide.",San Diego,QUALCOMM Inc.,,4530,453010,45,45301020,334413,3674,CA,1991-12-13
024800,2012-09-30,2012,INDL,C,D,STD,QCOM,747525103,QUALCOMM INC,USD,9,43012,1284,12374,6196,1706,1700,8.24,0,60,1612,1612,5705,6605,26.6,3917,5302,6109,5998,5705,6605,NA,6562,2851,21567,1459,19121,19121,33523,NA,NA,3915,6320,14,0000804328,A,334413,3674,61.8596,106573.82,62.47,5775 Morehouse Drive,,,,92121-1714,"QUALCOMM Incorporated engages in the development and commercialization of foundational technologies and products are used in mobile devices and other wireless products, including network equipment, broadband gateway equipment, consumer electronic devices, and other connected devices worldwide.",San Diego,QUALCOMM Inc.,,4530,453010,45,45301020,334413,3674,CA,1991-12-13
024800,2013-09-30,2013,INDL,C,D,STD,QCOM,747525103,QUALCOMM INC,USD,9,45516,1048,14966,8806,1685,1715,8.067,0,17,2093,2093,7561,8575,31,3976,5213,6853,8778,7561,8575,NA,8194,2995,26214,2142,24866,24866,36088,NA,NA,4967,7485,14,0000804328,A,334413,3674,74.25,113434.2,67.32,5775 Morehouse Drive,,,,92121-1714,"QUALCOMM Incorporated engages in the development and commercialization of foundational technologies and products are used in mobile devices and other wireless products, including network equipment, broadband gateway equipment, consumer electronic devices, and other connected devices worldwide.",San Diego,QUALCOMM Inc.,,4530,453010,45,45301020,334413,3674,CA,1991-12-13
024800,2014-09-30,2014,INDL,C,D,STD,QCOM,747525103,QUALCOMM INC,USD,9,48574,1185,17565,9534,1669,1683,7.938,0,NA,2629,2629,8034,9186,31.3,4488,6013,7967,8887,8034,9186,NA,8778,2487,31433,2412,26487,26487,39169,NA,NA,5477,7767,14,0000804328,A,334413,3674,74.33,124791.13,74.77,5775 Morehouse Drive,,,,92121-1714,"QUALCOMM Incorporated engages in the development and commercialization of foundational technologies and products are used in mobile devices and other wireless products, including network equipment, broadband gateway equipment, consumer electronic devices, and other connected devices worldwide.",San Diego,QUALCOMM Inc.,,4530,453010,45,45301020,334413,3674,CA,1991-12-13
024800,2015-09-30,2015,INDL,C,D,STD,QCOM,747525103,QUALCOMM INC,USD,9,50796,994,17321,9162,1524,1618,7.665,1000,9969,2932,2932,7212,8428,33,5479,6100,5271,5506,7212,8428,NA,6487,2534,31421,1964,25281,25281,31421,NA,NA,5490,7691,14,0000804328,A,334413,3674,49.985,81884.52,53.73,5775 Morehouse Drive,,,,92121-1714,"QUALCOMM Incorporated engages in the development and commercialization of foundational technologies and products are used in mobile devices and other wireless products, including network equipment, broadband gateway equipment, consumer electronic devices, and other connected devices worldwide.",San Diego,QUALCOMM Inc.,,4530,453010,45,45301020,334413,3674,CA,1991-12-13
024800,2016-09-30,2016,INDL,C,D,STD,QCOM,747525103,QUALCOMM INC,USD,9,52359,539,18648,8321,1476,1484,7.484,1749,10008,3046,3046,6269,7697,30.5,5679,7311,5705,7400,6269,7697,NA,6833,2306,31364,2219,23554,23554,31778,NA,NA,5151,7536,14,0000804328,A,334413,3674,65.2,101106,68.5,5775 Morehouse Drive,,,,92121-1714,"QUALCOMM Incorporated engages in the development and commercialization of foundational technologies and products are used in mobile devices and other wireless products, including network equipment, broadband gateway equipment, consumer electronic devices, and other connected devices worldwide.",San Diego,QUALCOMM Inc.,,4530,453010,45,45301020,334413,3674,CA,1991-12-13
024800,2017-09-30,2017,INDL,C,D,STD,QCOM,747525103,QUALCOMM INC,USD,9,65486,690,37308,8331,1474,1477,7.31,2495,19398,3314,3314,5326,6787,33.8,6623,10907,2466,4693,5326,6787,NA,3020,3216,30472,3632,23231,23231,30746,NA,NA,5485,8113,14,0000804328,A,334413,3674,64.02,76412.16,51.84,5775 Morehouse Drive,,,,92121-1714,"QUALCOMM Incorporated engages in the development and commercialization of foundational technologies and products are used in mobile devices and other wireless products, including network equipment, broadband gateway equipment, consumer electronic devices, and other connected devices worldwide.",San Diego,QUALCOMM Inc.,,4530,453010,45,45301020,334413,3674,CA,1991-12-13
024800,2018-09-30,2018,INDL,C,D,STD,QCOM,747525103,QUALCOMM INC,USD,9,32686,784,12088,8683,1219,1463,6.887,1005,15365,3517,3517,3877,5438,35.4,6498,11236,-4864,3895,3877,5438,NA,513,2975,928,2904,22732,22732,928,NA,NA,5625,8611,14,0000804328,A,334413,3674,56.91,87804.57,72.03,5775 Morehouse Drive,,,,92121-1714,"QUALCOMM Incorporated engages in the development and commercialization of foundational technologies and products are used in mobile devices and other wireless products, including network equipment, broadband gateway equipment, consumer electronic devices, and other connected devices worldwide.",San Diego,QUALCOMM Inc.,,4530,453010,45,45301020,334413,3674,CA,1991-12-13
024800,2019-09-30,2019,INDL,C,D,STD,QCOM,747525103,QUALCOMM INC,USD,9,32957,887,12260,7198,1145,1210,6.683,2496,13437,3034,3034,3358,4759,37,6282,8935,4386,7286,3358,4759,NA,7481,3081,4566,2471,19550,19550,4909,NA,NA,5398,7593,14,0000804328,A,334413,3674,88.23,87340.6,76.28,5775 Morehouse Drive,,,,92121-1714,"QUALCOMM Incorporated engages in the development and commercialization of foundational technologies and products are used in mobile devices and other wireless products, including network equipment, broadband gateway equipment, consumer electronic devices, and other connected devices worldwide.",San Diego,QUALCOMM Inc.,,4530,453010,45,45301020,334413,3674,CA,1991-12-13
024800,2020-09-30,2020,INDL,C,D,STD,QCOM,747525103,QUALCOMM INC,USD,9,35594,1407,11214,7862,1131,1135,6.609,634,15597,2972,2972,4429,5822,41,6323,8672,5198,5814,4429,5822,NA,5719,4171,5491,4003,21731,21731,6077,NA,NA,5975,8047,14,0000804328,A,334413,3674,152.34,133096.08,117.68,5775 Morehouse Drive,,,,92121-1714,"QUALCOMM Incorporated engages in the development and commercialization of foundational technologies and products are used in mobile devices and other wireless products, including network equipment, broadband gateway equipment, consumer electronic devices, and other connected devices worldwide.",San Diego,QUALCOMM Inc.,,4530,453010,45,45301020,334413,3674,CA,1991-12-13
064768,2010-12-31,2010,INDL,C,D,STD,AMZN,023135106,AMAZON.COM INC,USD,12,18797,979,8762,26009,451,447,3.383,224,641,0,0,1407,2064,33.7,1349,10372,1152,3495,1407,2064,NA,1504,2414,1134,1324,34204,34204,6864,890,NA,1734,6131,14,0001018724,A,454111,5961,180,81180,180,410 Terry Avenue North,,,,98109-5210,"Amazon.com, Inc. engages in the retail sale of consumer products and subscriptions in North America and internationally. The company operates through three segments: North America, International, and Amazon Web Services (AWS).",Seattle,Amazon.com Inc,,2550,255020,25,25502020,454110,5961,WA,1997-05-15
064768,2011-12-31,2011,INDL,C,D,STD,AMZN,023135106,AMAZON.COM INC,USD,12,25278,1811,9576,36288,455,453,3.327,524,1415,0,0,867,2016,56.2,1955,14896,631,3903,867,2016,NA,922,4417,1639,2134,48077,48077,7757,1400,NA,2909,9773,14,0001018724,A,454111,5961,173.1,78760.5,173.1,410 Terry Avenue North,,,,98109-5210,"Amazon.com, Inc. engages in the retail sale of consumer products and subscriptions in North America and internationally. The company operates through three segments: North America, International, and Amazon Web Services (AWS).",Seattle,Amazon.com Inc,,2550,255020,25,25502020,454110,5961,WA,1997-05-15
064768,2012-12-31,2012,INDL,C,D,STD,AMZN,023135106,AMAZON.COM INC,USD,12,32555,3785,11448,44271,454,453,3.075,1134,3830,0,0,672,2535,88.4,2552,19002,-39,4180,672,2535,NA,389,7060,1677,2600,61093,61093,8192,2000,NA,4564,14287,14,0001018724,A,454111,5961,250.87,113894.98,250.87,410 Terry Avenue North,,,,98109-5210,"Amazon.com, Inc. engages in the retail sale of consumer products and subscriptions in North America and internationally. The company operates through three segments: North America, International, and Amazon Web Services (AWS).",Seattle,Amazon.com Inc,,2550,255020,25,25502020,454110,5961,WA,1997-05-15
064768,2013-12-31,2013,INDL,C,D,STD,AMZN,023135106,AMAZON.COM INC,USD,12,40159,3444,12447,51681,459,457,2.922,1736,5181,0,0,691,3359,117.3,2655,22980,274,5475,691,3359,NA,435,10949,2005,3000,74452,74452,9746,2400,NA,6565,19412,14,0001018724,A,454111,5961,398.79,183044.61,398.79,410 Terry Avenue North,,,,98109-5210,"Amazon.com, Inc. engages in the retail sale of consumer products and subscriptions in North America and internationally. The company operates through three segments: North America, International, and Amazon Web Services (AWS).",Seattle,Amazon.com Inc,,2550,255020,25,25502020,454110,5961,WA,1997-05-15
064768,2014-12-31,2014,INDL,C,D,STD,AMZN,023135106,AMAZON.COM INC,USD,12,54505,4893,17416,59152,465,462,2.744,3600,12489,0,0,130,3911,154.1,3319,28089,-241,6842,130,3911,NA,-74,16967,1438,3300,88988,88988,10741,3300,NA,9275,25925,14,0001018724,A,454111,5961,310.35,144312.75,310.35,410 Terry Avenue North,,,,98109-5210,"Amazon.com, Inc. engages in the retail sale of consumer products and subscriptions in North America and internationally. The company operates through three segments: North America, International, and Amazon Web Services (AWS).",Seattle,Amazon.com Inc,,2550,255020,25,25502020,454110,5961,WA,1997-05-15
064768,2015-12-31,2015,INDL,C,D,STD,AMZN,023135106,AMAZON.COM INC,USD,12,65444,4589,19808,66751,471,467,2.578,3364,14183,0,0,2176,7304,230.8,3759,33899,596,11920,2176,7304,NA,1546,21838,1822,4400,107006,107006,13384,3800,NA,12540,32951,14,0001018724,A,454111,5961,675.89,318344.19,675.89,410 Terry Avenue North,,,,98109-5210,"Amazon.com, Inc. engages in the retail sale of consumer products and subscriptions in North America and internationally. The company operates through three segments: North America, International, and Amazon Web Services (AWS).",Seattle,Amazon.com Inc,,2550,255020,25,25502020,454110,5961,WA,1997-05-15
064768,2016-12-31,2016,INDL,C,D,STD,AMZN,023135106,AMAZON.COM INC,USD,12,83402,6737,25981,81865,477,474,2.448,5197,15213,0,0,4066,10753,341.4,3784,43816,2371,16443,4066,10753,NA,3796,29114,3931,6561,135987,135987,19285,5000,NA,16085,43369,14,0001018724,A,454111,5961,749.87,357687.99,749.87,410 Terry Avenue North,,,,98109-5210,"Amazon.com, Inc. engages in the retail sale of consumer products and subscriptions in North America and internationally. The company operates through three segments: North America, International, and Amazon Web Services (AWS).",Seattle,Amazon.com Inc,,2550,255020,25,25502020,454110,5961,WA,1997-05-15
064768,2017-12-31,2017,INDL,C,D,STD,AMZN,023135106,AMAZON.COM INC,USD,12,131310,11955,32315,103134,484,480,2.357,6221,37926,0,0,3954,13120,566,13350,57883,3033,18434,3954,13120,NA,3802,48866,8152,9692,177866,177866,27709,6300,NA,22620,61612,14,0001018724,A,454111,5961,1169.47,566023.48,1169.47,410 Terry Avenue North,,,,98109-5210,"Amazon.com, Inc. engages in the retail sale of consumer products and subscriptions in North America and internationally. The company operates through three segments: North America, International, and Amazon Web Services (AWS).",Seattle,Amazon.com Inc,,2550,255020,25,25502020,454110,5961,WA,1997-05-15
064768,2018-12-31,2018,INDL,C,D,STD,AMZN,023135106,AMAZON.COM INC,USD,12,162648,13427,41668,127056,491,487,2.315,9502,39787,0,0,12242,24817,647.5,14548,68391,10073,30723,12242,24817,NA,11270,61797,18590,13310,232887,232887,43549,8200,NA,28837,81014,14,0001018724,A,454110,5961,1501.97,737467.27,1501.97,410 Terry Avenue North,,,,98109-5210,"Amazon.com, Inc. engages in the retail sale of consumer products and subscriptions in North America and internationally. The company operates through three segments: North America, International, and Amazon Web Services (AWS).",Seattle,Amazon.com Inc,,2550,255020,25,25502020,454110,5961,WA,1997-05-15
064768,2019-12-31,2019,INDL,C,D,STD,AMZN,023135106,AMAZON.COM INC,USD,12,225248,16861,55297,150436,498,494,3.169,14330,63205,0,0,14177,29842,798,14754,87812,11588,38514,14177,29842,NA,13962,97846,30234,17663,280522,280522,62060,11000,NA,35931,100244,14,0001018724,A,454110,5961,1847.84,920224.32,1847.84,410 Terry Avenue North,,,,98109-5210,"Amazon.com, Inc. engages in the retail sale of consumer products and subscriptions in North America and internationally. The company operates through three segments: North America, International, and Amazon Web Services (AWS).",Seattle,Amazon.com Inc,,2550,255020,25,25502020,454110,5961,WA,1997-05-15
064768,2020-12-31,2020,INDL,C,D,STD,AMZN,023135106,AMAZON.COM INC,USD,12,321195,40140,84629,217107,503,500,6.33,16840,84389,0,0,22315,39024,1298,15017,126385,21331,66064,22315,39024,NA,24194,150667,52371,19981,386064,386064,93404,10900,NA,42740,129933,14,0001018724,A,454110,5961,3256.93,1638235.79,3256.93,410 Terry Avenue North,,,,98109-5210,"Amazon.com, Inc. engages in the retail sale of consumer products and subscriptions in North America and internationally. The company operates through three segments: North America, International, and Amazon Web Services (AWS).",Seattle,Amazon.com Inc,,2550,255020,25,25502020,454110,5961,WA,1997-05-15
147579,2010-12-31,2010,INDL,C,D,STD,NFLX,64110L106,NETFLIX INC,USD,12,982.067,33.837,350.387,1319.256,52.782,52.529,0.199,2.083,234.123,0,0,277.547,315.646,4.329,0,388.579,160.853,276.401,277.547,315.646,NA,267.696,128.57,238.489,0,2162.625,2162.625,290.164,212.4,NA,163.329,527.723,14,0001065280,A,532230,7841,175.7,9273.7974,175.7,100 Winchester Circle,,,,95032,"Netflix, Inc. provides entertainment services. It offers TV series, documentaries, and feature films across various genres and languages.",Los Gatos,Netflix Inc,,5020,502020,50,50202010,532282,7841,CA,2002-05-23
147579,2011-12-31,2011,INDL,C,D,STD,NFLX,64110L106,NETFLIX INC,USD,12,3069.196,49.682,797.811,1996.154,55.399,52.847,0.198,2.319,431.8,0,0,385.068,428.815,2.927,0,1225.055,226.126,317.712,385.068,428.815,NA,359.522,136.353,423.636,0,3204.577,3204.577,642.81,299.1,NA,259.033,779.608,14,0001065280,A,532230,7841,69.29,3838.5967,69.29,100 Winchester Circle,,,,95032,"Netflix, Inc. provides entertainment services. It offers TV series, documentaries, and feature films across various genres and languages.",Los Gatos,Netflix Inc,,5020,502020,50,50202010,532282,7841,CA,2002-05-23
147579,2012-12-31,2012,INDL,C,D,STD,NFLX,64110L106,NETFLIX INC,USD,12,3967.89,41.457,748.078,2580.397,55.587,55.521,0.211,3.09,412.016,0,0,49.992,95.461,2.429,0,1675.926,17.152,22.765,49.992,95.461,NA,30.48,131.681,443.001,0,3609.282,3609.282,744.673,377.2,NA,329.008,933.424,14,0001065280,A,532230,7841,92.59,5146.8003,92.59,100 Winchester Circle,,,,95032,"Netflix, Inc. provides entertainment services. It offers TV series, documentaries, and feature films across various genres and languages.",Los Gatos,Netflix Inc,,5020,502020,50,50202010,532282,7841,CA,2002-05-23
147579,2013-12-31,2013,INDL,C,D,STD,NFLX,64110L106,NETFLIX INC,USD,12,5412.563,54.143,1200.405,3034.882,59.607,58.198,0.215,1.1,529.5,0,0,228.347,276.721,2.327,0,2154.203,112.403,97.831,228.347,276.721,NA,171.074,133.605,556.06,0,4374.562,4374.562,1333.561,437.9,NA,378.769,1062.959,14,0001065280,A,532230,7841,368.17,21945.5092,368.17,100 Winchester Circle,,,,95032,"Netflix, Inc. provides entertainment services. It offers TV series, documentaries, and feature films across various genres and languages.",Los Gatos,Netflix Inc,,5020,502020,50,50202010,532282,7841,CA,2002-05-23
147579,2014-12-31,2014,INDL,C,D,STD,NFLX,64110L106,NETFLIX INC,USD,12,7056.651,69.726,1608.496,3698.732,60.416,60.078,0.203,1.2,928.4,0,0,402.648,456.676,2.45,0,2663.154,266.799,16.483,402.648,456.676,NA,349.369,149.875,814.838,0,5504.656,5504.656,1857.708,533.1,NA,472.321,1349.248,14,0001065280,A,532230,7841,341.61,20638.7098,341.61,100 Winchester Circle,,,,95032,"Netflix, Inc. provides entertainment services. It offers TV series, documentaries, and feature films across various genres and languages.",Los Gatos,Netflix Inc,,5020,502020,50,50202010,532282,7841,CA,2002-05-23
147579,2015-12-31,2015,INDL,C,D,STD,NFLX,64110L106,NETFLIX INC,USD,12,10202.871,91.248,2310.715,4529.193,427.94,425.889,0.237,0,2371.362,0,0,305.826,368.109,3.7,0,3529.624,122.641,-749.439,305.826,368.109,NA,141.885,173.412,898.617,0,6779.511,6779.511,2223.426,714.3,NA,650.788,1882.209,14,0001065280,A,532230,7841,114.38,48947.7772,114.38,100 Winchester Circle,,,,95032,"Netflix, Inc. provides entertainment services. It offers TV series, documentaries, and feature films across various genres and languages.",Los Gatos,Netflix Inc,,5020,502020,50,50202010,532282,7841,CA,2002-05-23
147579,2016-12-31,2016,INDL,C,D,STD,NFLX,64110L106,NETFLIX INC,USD,12,13586.61,107.653,1733.782,5972.373,430.054,428.822,0.29,0,3364.311,0,0,379.793,437.321,4.7,0,4586.657,186.678,-1473.984,379.793,437.321,NA,260.507,250.395,1080.038,0,8830.669,8830.669,2679.8,842.4,NA,852.098,2420.975,14,0001065280,A,532230,7841,123.8,53240.6852,123.8,100 Winchester Circle,,,,95032,"Netflix, Inc. provides entertainment services. It offers TV series, documentaries, and feature films across various genres and languages.",Los Gatos,Netflix Inc,,5020,502020,50,50202010,532282,7841,CA,2002-05-23
147579,2017-12-31,2017,INDL,C,D,STD,NFLX,64110L106,NETFLIX INC,USD,12,19012.742,173.302,2822.795,7587.755,433.393,431.885,0.327,0,6499.432,0,0,838.679,910.59,5.5,0,5466.312,558.929,-1785.948,838.679,910.59,NA,485.321,319.404,1710.56,0,11692.713,11692.713,3581.956,1091.1,NA,1052.778,3194.368,14,0001065280,A,532230,7841,191.96,83194.1203,191.96,100 Winchester Circle,,,,95032,"Netflix, Inc. provides entertainment services. It offers TV series, documentaries, and feature films across various genres and languages.",Los Gatos,Netflix Inc,,5020,502020,50,50202010,532282,7841,CA,2002-05-23
147579,2018-12-31,2018,INDL,C,D,STD,NFLX,64110L106,NETFLIX INC,USD,12,25974.4,173.946,3794.483,9884.381,436.599,435.374,0.362,0,10360.058,0,0,1605.226,1688.383,7.1,0,6487.32,1211.242,-2680.479,1605.226,1688.383,NA,1226.458,418.281,2922.777,569.633,15794.341,15794.341,5238.765,1808,NA,1221.814,4221.577,14,0001065280,A,532282,7841,267.66,116860.0883,267.66,100 Winchester Circle,,,,95032,"Netflix, Inc. provides entertainment services. It offers TV series, documentaries, and feature films across various genres and languages.",Los Gatos,Netflix Inc,,5020,502020,50,50202010,532282,7841,CA,2002-05-23
147579,2019-12-31,2019,INDL,C,D,STD,NFLX,64110L106,NETFLIX INC,USD,12,33975.712,253.035,5018.437,12336.634,438.807,437.799,0.59,190.622,16181.872,0,0,2604.254,2707.833,8.6,0,6855.696,1866.916,-2887.322,2604.254,2707.833,NA,2062.231,2097.221,4788.228,979.068,20156.447,20156.447,7582.157,1879,NA,1545.149,5111.98,14,0001065280,A,532282,7841,323.57,141984.781,323.57,100 Winchester Circle,,,,95032,"Netflix, Inc. provides entertainment services. It offers TV series, documentaries, and feature films across various genres and languages.",Los Gatos,Netflix Inc,,5020,502020,50,50202010,532282,7841,CA,2002-05-23
147579,2020-12-31,2020,INDL,C,D,STD,NFLX,64110L106,NETFLIX INC,USD,12,39280.359,497.923,8205.55,14942.609,442.895,440.922,1.977,756.1,17754.726,0,0,4803.289,4918.999,9.4,0,7805.785,2761.395,2427.077,4803.289,4918.999,NA,3199.349,2997.909,7617.542,610.819,24996.056,24996.056,11065.24,1447,NA,1829.6,5134.448,14,0001065280,A,532282,7841,540.73,239486.6134,540.73,100 Winchester Circle,,,,95032,"Netflix, Inc. provides entertainment services. It offers TV series, documentaries, and feature films across various genres and languages.",Los Gatos,Netflix Inc,,5020,502020,50,50202010,532282,7841,CA,2002-05-23
170617,2010-12-31,2010,INDL,C,D,STD,FB,30303M102,FACEBOOK INC,USD,12,2990,293,1785,354,1172,2138.085,NA,106,367,0,0,1032,1171,2.127,37,389,606,698,1032,1171,NA,1008,574,600,373,1974,1974,2162,8,NA,144,449,14,0001326801,A,519130,7370,NA,NA,NA,1601 Willow Road,,,,94025,"Facebook, Inc. develops products that enable people to connect and share with friends and family through mobile devices, personal computers, virtual reality headsets, and in-home devices worldwide.",Menlo Park,Facebook Inc,,5020,502030,50,50203010,519130,7370,CA,2012-05-18
170617,2011-12-31,2011,INDL,C,D,STD,FB,30303M102,FACEBOOK INC,USD,12,6331,606,3908,537,1330,2138.085,1.42,279,398,0,0,1756,2079,3.2,82,899,1000,1549,1756,2079,NA,1695,1475,1600,547,3711,3711,4899,28,NA,388,1095,14,0001326801,A,519130,7370,NA,NA,NA,1601 Willow Road,,,,94025,"Facebook, Inc. develops products that enable people to connect and share with friends and family through mobile devices, personal computers, virtual reality headsets, and in-home devices worldwide.",Menlo Park,Facebook Inc,,5020,502030,50,50203010,519130,7370,CA,2012-05-18
170617,2012-12-31,2012,INDL,C,D,STD,FB,30303M102,FACEBOOK INC,USD,12,15103,1235,9626,720,2372,2266.043,5.005,365,1991,0,0,538,1182,4.619,587,1052,53,1612,538,1182,NA,494,2391,1661,1170,5089,5089,11755,67,NA,1399,3187,14,0001326801,A,519130,7370,26.6197,63141.9284,26.6197,1601 Willow Road,,,,94025,"Facebook, Inc. develops products that enable people to connect and share with friends and family through mobile devices, personal computers, virtual reality headsets, and in-home devices worldwide.",Menlo Park,Facebook Inc,,5020,502030,50,50203010,519130,7370,CA,2012-05-18
170617,2013-12-31,2013,INDL,C,D,STD,FB,30303M102,FACEBOOK INC,USD,12,17895,1362,11449,756,2547,2420,4.921,239,237,0,0,2921,3923,6.337,839,1100,1500,4222,2921,3923,NA,2754,2882,3173,1160,7872,7872,15470,117,NA,1415,3193,14,0001326801,A,519130,7370,54.649,139191.003,54.649,1601 Willow Road,,,,94025,"Facebook, Inc. develops products that enable people to connect and share with friends and family through mobile devices, personal computers, virtual reality headsets, and in-home devices worldwide.",Menlo Park,Facebook Inc,,5020,502030,50,50203010,519130,7370,CA,2012-05-18
170617,2014-12-31,2014,INDL,C,D,STD,FB,30303M102,FACEBOOK INC,USD,12,40184,1831,11199,945,2797,2614,5.243,114,119,0,0,4982,6224,9.199,17981,1424,2940,5457,4982,6224,NA,4910,3967,5871,1678,12466,12466,36096,135,NA,2666,5297,14,0001326801,A,519130,7370,78.02,218221.94,78.02,1601 Willow Road,,,,94025,"Facebook, Inc. develops products that enable people to connect and share with friends and family through mobile devices, personal computers, virtual reality headsets, and in-home devices worldwide.",Menlo Park,Facebook Inc,,5020,502030,50,50203010,519130,7370,CA,2012-05-18
170617,2015-12-31,2015,INDL,C,D,STD,FB,30303M102,FACEBOOK INC,USD,12,49407,2523,18434,917,2845,2803,5.132,208,107,0,0,6294,8244,12.691,18026,1925,3688,8599,6294,8244,NA,6194,5687,9332,2559,17928,17928,44218,281,NA,4816,8767,14,0001326801,A,519130,7370,104.66,297757.7,104.66,1601 Willow Road,,,,94025,"Facebook, Inc. develops products that enable people to connect and share with friends and family through mobile devices, personal computers, virtual reality headsets, and in-home devices worldwide.",Menlo Park,Facebook Inc,,5020,502030,50,50203010,519130,7370,CA,2012-05-18
170617,2016-12-31,2016,INDL,C,D,STD,FB,30303M102,FACEBOOK INC,USD,12,64961,4491,29449,1448,2892,2863,4.839,0,112,0,0,12493,14834,17.048,18122,2875,10217,16108,12493,14834,NA,12518,8591,20967,3993,27638,27638,59194,310,NA,5919,11356,14,0001326801,A,519130,7370,115.05,332724.6,115.05,1601 Willow Road,,,,94025,"Facebook, Inc. develops products that enable people to connect and share with friends and family through mobile devices, personal computers, virtual reality headsets, and in-home devices worldwide.",Menlo Park,Facebook Inc,,5020,502030,50,50203010,519130,7370,CA,2012-05-18
170617,2017-12-31,2017,INDL,C,D,STD,FB,30303M102,FACEBOOK INC,USD,12,84524,6733,41729,2432,2906,2901,4.019,0,72,0,0,20308,23330,25.105,18221,3760,15934,24216,20308,23330,NA,20594,13721,33763,5832,40653,40653,74347,324,NA,7754,14891,14,0001326801,A,519130,7370,176.46,512792.76,176.46,1601 Willow Road,,,,94025,"Facebook, Inc. develops products that enable people to connect and share with friends and family through mobile devices, personal computers, virtual reality headsets, and in-home devices worldwide.",Menlo Park,Facebook Inc,,5020,502030,50,50203010,519130,7370,CA,2012-05-18
170617,2018-12-31,2018,INDL,C,D,STD,FB,30303M102,FACEBOOK INC,USD,12,97334,13915,41124,5035,2854,2890,3.821,500,0,0,0,24913,29233,35.587,18301,7017,22112,29274,24913,29233,NA,25361,24683,41221,7587,55838,55838,84127,1100,NA,10273,21570,14,0001326801,A,519130,7370,131.09,374130.86,131.09,1601 Willow Road,,,,94025,"Facebook, Inc. develops products that enable people to connect and share with friends and family through mobile devices, personal computers, virtual reality headsets, and in-home devices worldwide.",Menlo Park,Facebook Inc,,5020,502030,50,50203010,519130,7370,CA,2012-05-18
170617,2019-12-31,2019,INDL,C,D,STD,FB,30303M102,FACEBOOK INC,USD,12,133376,15102,54863,7028,2852,2854,3.663,1132,9942,0,0,28986,34728,44.942,18715,15053,18485,36314,28986,34728,NA,24812,44783,55203,9518,70697,70697,101054,1570,NA,13600,28941,14,0001326801,A,519130,7370,205.25,585373,205.25,1601 Willow Road,,,,94025,"Facebook, Inc. develops products that enable people to connect and share with friends and family through mobile devices, personal computers, virtual reality headsets, and in-home devices worldwide.",Menlo Park,Facebook Inc,,5020,502030,50,50203010,519130,7370,CA,2012-05-18
170617,2020-12-31,2020,INDL,C,D,STD,FB,30303M102,FACEBOOK INC,USD,12,159316,15115,62195,9830,2849,2851,3.503,1077,10100,0,0,32671,39533,58.604,19050,14981,29146,38747,32671,39533,NA,33180,54981,78272,11335,85965,85965,128290,2260,NA,18447,36602,14,0001326801,A,519130,7370,273.16,778232.84,273.16,1601 Willow Road,,,,94025,"Facebook, Inc. develops products that enable people to connect and share with friends and family through mobile devices, personal computers, virtual reality headsets, and in-home devices worldwide.",Menlo Park,Facebook Inc,,5020,502030,50,50203010,519130,7370,CA,2012-05-18
184996,2010-12-31,2010,INDL,C,D,STD,TSLA,88160R101,TESLA INC,USD,12,386.082,40.203,173.155,75.39,94.908,93.182,0.365,0.279,72.324,0,0,-146.838,-136.215,0.899,0,85.565,-154.328,-127.817,-146.838,-136.215,NA,-154.155,122.599,-414.982,6.71,116.744,116.744,207.048,3.1,NA,92.996,177.569,14,0001318605,A,336111,3711,26.63,2527.4,26.63,3500 Deer Creek Road,,,,94304,"Tesla, Inc. designs, develops, manufactures, leases, and sells electric vehicles, and energy generation and storage systems in the United States, China, and internationally. The company operates in two segments, Automotive, and Energy Generation and Storage.",Palo Alto,Tesla Inc,,2510,251020,25,25102010,336111,3711,CA,2010-06-29
184996,2011-12-31,2011,INDL,C,D,STD,TSLA,88160R101,TESLA INC,USD,12,713.448,197.896,303.803,125.728,104.53,100.389,0.407,8.983,271.165,0,0,-251.488,-234.569,1.417,0,191.339,-254.411,-114.364,-251.488,-234.569,NA,-253.922,310.171,-669.395,9.539,204.242,204.242,224.045,2.9,NA,208.981,313.083,14,0001318605,A,336111,3711,28.56,2985.3768,28.56,3500 Deer Creek Road,,,,94304,"Tesla, Inc. designs, develops, manufactures, leases, and sells electric vehicles, and energy generation and storage systems in the United States, China, and internationally. The company operates in two segments, Automotive, and Energy Generation and Storage.",Palo Alto,Tesla Inc,,2510,251020,25,25102010,336111,3711,CA,2010-06-29
184996,2012-12-31,2012,INDL,C,D,STD,TSLA,88160R101,TESLA INC,USD,12,1114.19,239.228,220.984,354.364,114.214,107.349,0.534,55.206,411.46,0,0,-394.283,-365.458,2.964,0,539.108,-396.213,-266.081,-394.283,-365.458,NA,-396.077,562.3,-1065.606,26.842,413.256,413.256,124.7,3.9,NA,273.978,424.35,14,0001318605,A,336111,3711,33.87,3868.4282,33.87,3500 Deer Creek Road,,,,94304,"Tesla, Inc. designs, develops, manufactures, leases, and sells electric vehicles, and energy generation and storage systems in the United States, China, and internationally. The company operates in two segments, Automotive, and Energy Generation and Storage.",Palo Alto,Tesla Inc,,2510,251020,25,25102010,336111,3711,CA,2010-06-29
184996,2013-12-31,2013,INDL,C,D,STD,TSLA,88160R101,TESLA INC,USD,12,2416.93,264.224,848.901,1451.151,123.091,119.421,0.699,7.904,598.974,0,0,-61.283,44.8,5.859,0,675.16,-74.014,257.994,-61.283,44.8,NA,-71.426,1120.919,-1139.62,49.109,2013.496,2013.496,667.12,9,NA,231.976,517.545,14,0001318605,A,336111,3711,150.429,18516.456,150.429,3500 Deer Creek Road,,,,94304,"Tesla, Inc. designs, develops, manufactures, leases, and sells electric vehicles, and energy generation and storage systems in the United States, China, and internationally. The company operates in two segments, Automotive, and Energy Generation and Storage.",Palo Alto,Tesla Inc,,2510,251020,25,25102010,336111,3711,CA,2010-06-29
184996,2014-12-31,2014,INDL,C,D,STD,TSLA,88160R101,TESLA INC,USD,12,5849.251,969.885,1923.66,2084.754,125.688,124.539,0.769,611.098,1818.785,0,0,-186.689,45.242,10.161,0,2107.166,-294.04,-57.337,-186.689,45.242,NA,-284.636,2596.011,-1433.682,226.604,3198.356,3198.356,969.906,48.9,NA,464.7,1068.36,14,0001318605,A,336111,3711,222.41,27954.2681,222.41,3500 Deer Creek Road,,,,94304,"Tesla, Inc. designs, develops, manufactures, leases, and sells electric vehicles, and energy generation and storage systems in the United States, China, and internationally. The company operates in two segments, Automotive, and Energy Generation and Storage.",Palo Alto,Tesla Inc,,2510,251020,25,25102010,336111,3711,CA,2010-06-29
184996,2015-12-31,2015,INDL,C,D,STD,TSLA,88160R101,TESLA INC,USD,12,8092.46,1634.85,1219.536,2699.932,131.425,128.202,0.836,633.166,2040.375,0,0,-716.629,-294.039,13.058,0,2816.274,-888.663,-524.499,-716.629,-294.039,NA,-875.624,5194.737,-2325.879,168.965,4046.025,4046.025,1130.989,58.3,NA,717.9,1640.132,14,0001318605,A,336111,3711,240.01,31543.3143,240.01,3500 Deer Creek Road,,,,94304,"Tesla, Inc. designs, develops, manufactures, leases, and sells electric vehicles, and energy generation and storage systems in the United States, China, and internationally. The company operates in two segments, Automotive, and Energy Generation and Storage.",Palo Alto,Tesla Inc,,2510,251020,25,25102010,336111,3711,CA,2010-06-29
184996,2016-12-31,2016,INDL,C,D,STD,TSLA,88160R101,TESLA INC,USD,12,22664.076,1440.471,3498.735,4453.776,161.561,144.212,1.109,1202.178,6053.86,0,0,-645.64,301.459,30.025,0,5827.005,-674.914,-123.829,-645.64,301.459,NA,-746.348,15036.917,-3020.977,499.142,7000.132,7000.132,4761.695,48,NA,834.408,2244.897,14,0001318605,A,336111,3711,213.69,34523.9701,213.69,3500 Deer Creek Road,,,,94304,"Tesla, Inc. designs, develops, manufactures, leases, and sells electric vehicles, and energy generation and storage systems in the United States, China, and internationally. The company operates in two segments, Automotive, and Energy Generation and Storage.",Palo Alto,Tesla Inc,,2510,251020,25,25102010,336111,3711,CA,2010-06-29
184996,2017-12-31,2017,INDL,C,D,STD,TSLA,88160R101,TESLA INC,USD,12,28655.372,4081.354,3523.237,7900.261,168.797,165.758,1.156,963.862,9486.248,0,0,-1565.086,70.917,37.543,60.237,7674.67,-1961.4,-60.654,-1565.086,70.917,NA,-2209.032,20491.616,-4940.951,515.381,11758.751,11758.751,4237.312,66.5,NA,1378.073,3787.573,14,0001318605,A,336111,3711,311.35,52554.946,311.35,3500 Deer Creek Road,,,,94304,"Tesla, Inc. designs, develops, manufactures, leases, and sells electric vehicles, and energy generation and storage systems in the United States, China, and internationally. The company operates in two segments, Automotive, and Energy Generation and Storage.",Palo Alto,Tesla Inc,,2510,251020,25,25102010,336111,3711,CA,2010-06-29
184996,2018-12-31,2018,INDL,C,D,STD,TSLA,88160R101,TESLA INC,USD,12,29739.614,2319.516,3878.169,15531.461,172.603,170.525,1.145,2629.46,9454.055,0,0,-252.84,1634.946,48.817,68.159,9992.136,-976.091,2097.802,-252.84,1634.946,NA,-1004.745,19691.231,-5326.05,949.022,21461.268,21461.268,4923.243,70,NA,1473.634,4294.861,14,0001318605,A,336111,3711,332.8,57442.2784,332.8,3500 Deer Creek Road,,,,94304,"Tesla, Inc. designs, develops, manufactures, leases, and sells electric vehicles, and energy generation and storage systems in the United States, China, and internationally. The company operates in two segments, Automotive, and Energy Generation and Storage.",Palo Alto,Tesla Inc,,2510,251020,25,25102010,336111,3711,CA,2010-06-29
184996,2019-12-31,2019,INDL,C,D,STD,TSLA,88160R101,TESLA INC,USD,12,34309,1432,6514,18402,181,177,1.685,2070,12627,0,0,80,2187,48.016,198,10667,-862,2405,80,2187,NA,-665,20199,-6119,1324,24578,24578,6618,27,NA,1390,3989,14,0001318605,A,336111,3711,418.33,75717.73,418.33,3500 Deer Creek Road,,,,94304,"Tesla, Inc. designs, develops, manufactures, leases, and sells electric vehicles, and energy generation and storage systems in the United States, China, and internationally. The company operates in two segments, Automotive, and Energy Generation and Storage.",Palo Alto,Tesla Inc,,2510,251020,25,25102010,336111,3711,CA,2010-06-29
184996,2020-12-31,2020,INDL,C,D,STD,TSLA,88160R101,TESLA INC,USD,12,52148,3232,19622,22351,960,933,5.353,2459,10888,0,0,2184,4506,70.757,207,14248,721,5943,2184,4506,NA,1154,23375,-5036,1886,31536,31536,22225,NA,NA,1491,4679,14,0001318605,A,336111,3711,705.67,677443.2,705.67,3500 Deer Creek Road,,,,94304,"Tesla, Inc. designs, develops, manufactures, leases, and sells electric vehicles, and energy generation and storage systems in the United States, China, and internationally. The company operates in two segments, Automotive, and Energy Generation and Storage.",Palo Alto,Tesla Inc,,2510,251020,25,25102010,336111,3711,CA,2010-06-29
